company,location,latitude,longitude
Altor Solutions,"Northbridge, Massachusetts",42.1514,-71.65
Altor Solutions,"Bloomsburg, Pennsylvania",41.0025,-76.4581
Altor Solutions,"Anderson, South Carolina",34.5049,-82.6524
Altor Solutions,"Jefferson, Georgia",34.1267,-83.5903
Altor Solutions,"Gnadenhutten, Ohio",40.3608,-81.4317
Altor Solutions,"New Albany, Indiana",38.3019,-85.8214
Altor Solutions,"Jackson, Tennessee",35.6144,-88.8178
Altor Solutions,"Plymouth, Wisconsin",43.7492,-87.9767
Altor Solutions,"Fort Madison, Iowa",40.6286,-91.3389
Altor Solutions,"El Dorado Springs, Missouri",37.8708,-94.0211
Altor Solutions,"Keller, Texas",32.9275,-97.2361
Altor Solutions,"Modesto, California",37.6614,-120.9944
Altor Solutions,"Compton, California",33.8967,-118.225
Alleguard - Huntington,"Grove City, OH",39.8821935,-83.0935377
Alleguard - Huntington,"Bastrop, TX",30.1104947,-97.3152701
Alleguard - Huntington,"Cave Spring , GA",34.1075975,-85.33634339999999
Cellofoam,"Whiteland, IN",39.5500485,-86.0797079
Cellofoam,"Sallisaw, OK",35.4603711,-94.7874463
Cellofoam,"Conyers, GA",33.6676103,-84.01769039999999
Cellofoam,"Gainesville, GA",34.2978794,-83.8240663
Cellofoam,"Orlando, FL",28.5383832,-81.3789269
Cellofoam,"Fredericksburg, VA",38.3031837,-77.4605399
Cellofoam,"Winchester, VA",39.1856597,-78.1633341
Modern Polymers,"Cherryville, NC",35.3789361,-81.3795737
EFP,"Reno, NV",39.529919,-119.8142691
EFP,"Casa Granda, AZ",32.9110027,-111.7733902
EFP,"Evansville, IN",37.9715592,-87.5710898
EFP,"La vergne, TN",36.0156178,-86.5819394
EFP,"Decatur, AL",34.6059253,-86.9833417
EFP,"Bishopville, SC",34.2182107,-80.2484056
Aptco,"McFarland, CA",35.6780104,-119.2292748
Tempo Precision Molded Foam,"Visalia, CA",36.3301329,-119.2966367
ACH Foam Technologies,"McKinney, TX",33.1983388,-96.6389342
ACH Foam Technologies,"Westminster, CO",39.8366528,-105.0372046
Atlas Molded Products,"Sylmar, CA",34.2994874,-118.4588292
Atlas Molded Products,"Denver, CO",39.7392358,-104.990251
Atlas Molded Products,"Murray, UT",40.6668916,-111.8879909
Atlas Molded Products,"Reno, NV",39.529919,-119.8142691
Atlas Molded Products,"Kingman, AZ",35.189443,-114.0530065
Atlas Molded Products,"E Arlington, TX",32.735687,-97.1080656
Atlas Molded Products,"Byron Center, MI",42.8122508,-85.7228061
Atlas Molded Products,"Fond du Lac, WI",43.7730448,-88.4470508
Atlas Molded Products,"Fredericktown, MO",37.55977540000001,-90.2940069
Atlas Molded Products,"Kansas City, KS",39.11553139999999,-94.6267873
Atlas Molded Products,"Perryville, MO",37.7242202,-89.8612196
Atlas Molded Products,"Washington, IA",41.30140770000001,-91.6916417
Atlas Molded Products,"Gainesville, GA",34.2978794,-83.8240663
Sonoco,"Ridgeway, VA",36.5768046,-79.8583721
Sonoco,"Findlay, OH",41.0391283,-83.6502309
Sonoco,"Owosso, MI",42.9978049,-84.1766358
Sonoco,"Tullahoma, TN",35.3620235,-86.20943419999999
Sonoco,"Mt. Pleasant, TN",35.5342414,-87.20695409999999
Sonoco,"Shelbyville, KY",38.2120144,-85.2235666
Sonoco,"Colorado Springs, CO",38.8338816,-104.8213634
Cold Keepers,"Mcfarland, CA",35.6780104,-119.2292748
Styrotech,"Thomasville, GA",30.8365815,-83.9787808
OpCO,"Brooklyn Park, MN",45.0941315,-93.3563405
Plastillite,"Latrobe, PA",40.3211808,-79.37948109999999
Houston Foam Plastics,"Omaha, NE",41.2565369,-95.9345034
Houston Foam Plastics,"Houston, TX",29.7600771,-95.3701108
Imperial Foam & Insulation,"San Antonio, TX",29.4251905,-98.4945922
Marko Foam,"Ormond Beach, FL",29.2858129,-81.0558894
Marko Foam,"Huntington Beach, CA",33.6594835,-117.9988026
Michigan Foam,"Salt Lake City , UT",40.7607793,-111.8910474
Pal Pac,"Wyoming, MI",42.9133602,-85.7053085
Branch River Plastics,"Ottawa, OH",41.0192185,-84.0471666
FMI-EPS,"Smithfield, RI",41.9220496,-71.54951009999999
Polar Central,"Post Falls, ID",47.7179578,-116.9515856
Mister Packaging,"Prospect, CT",41.5023192,-72.9787163
ThermaFoam,"Anaheim, CA",33.8365932,-117.9143012
Robin II,"Hillsboro, TX",32.0109886,-97.1300061
Foam Pack Industries,"Markesan, WI",43.7072047,-88.9901122
Clyde Tool & Die,"Springfield, NJ",40.7016937,-74.3222146
DiversiFoam Products,"Clyde, OH",41.30422009999999,-82.975192
Beaver Plastics,"Rockford, MN",45.0872861,-93.7415093
Aqua-Pak Industries Ltd,"Watertown, SD",44.8994088,-97.1150732
Creative Packaging,"Shelbyville, KY",38.2120144,-85.2235666
Creative Packaging,"Vineland, NJ",39.4863773,-75.02596369999999
Creative Packaging,"Unadilla, GA",32.2617127,-83.7365798
Creative Packaging,"Chicago, IL",41.8781136,-87.6297982
Creative Packaging,"Ft. Worth, TX",32.7554883,-97.3307658
Custom Pack,"Phoenix, AZ",33.4483771,-112.0740373
Insulated Products Corp (IPC),"Eaton, PA",41.5114731,-75.96954649999999
Magna LoBoy,"Los Angeles, CA",34.0549076,-118.242643
Speedling,"Fort Walton, FL",30.42007079999999,-86.6170308
Insulfoam LLC,"Sun City, FL",27.678254,-82.4787384
Insulfoam LLC,"Tacoma, WA",47.2528768,-122.4442906
Insulfoam LLC,"Anchorage, AK",61.2175758,-149.8996785
Insulfoam LLC,"Kent, WA",47.3830671,-122.234771
Insulfoam LLC,"Dixon, CA",38.4454641,-121.8232958
Insulfoam LLC,"Chino, CA",34.0122346,-117.688944
Insulfoam LLC,"Salt Lake City, UT",40.7607793,-111.8910474
Insulfoam LLC,"Phoenix, AZ",33.4483771,-112.0740373
Insulfoam LLC,"Aurora, CO",39.7294319,-104.8319195
Insulfoam LLC,"Mead, NE",41.2286493,-96.489212
Insulfoam LLC,"Lakeland, FL",28.0394654,-81.9498042
Alleguard - Huntington,"Greer, SC",34.9387279,-82.2270568
Alleguard - Huntington,"Greenville, MI",43.1775314,-85.2527987
Alleguard - Huntington,"Radford, VA",37.13179239999999,-80.5764477
Alleguard - Huntington,"West Brookfield, MA",42.2353463,-72.14116419999999
Alleguard - Huntington,"Monticello, AR",33.6296702,-91.8021856
Armstrong Brands,"Buffalo, NY",42.88644679999999,-78.8783689
EFP,"Elkhart, IN",41.6873832,-85.973517
